Metric,Value
Accuracy,0.53175
Precision,0.28275806249999996
Recall,0.53175
F1-Score,0.36919609923290353
ROC-AUC,0.7791442578334369
