Class,Probability
Good,0.17153654310932165
Poor,0.281979309835956
Standard,0.546484147054722
